{
  "created_utc": "2026-06-30T09:44:33.040439Z",
  "run_tag": "flex-LRG-t120_e40_s42-mae_nozw-0920c719",
  "config_hash": "0920c719",
  "study_name": "cnn_flex_LRG_mae_0920c719",
  "seed": 42,
  "object_type": "LRG",
  "n_wave": 4674,
  "splits": {
    "test_size": 0.15,
    "val_size": 0.15,
    "n_train": 94612,
    "n_val": 16697,
    "n_test": 19643,
    "q_outer": 20,
    "q_inner": 20
  },
  "scalars": {
    "features": [
      "log_max",
      "log_median",
      "log_sum",
      "log_p95"
    ],
    "n_scalars": 4,
    "mean_s": [
      -15.788494110107422,
      -17.244205474853516,
      -13.518106460571289,
      -16.807844161987305
    ],
    "std_s": [
      0.25081634521484375,
      0.10036302357912064,
      0.08719900250434875,
      0.0852484405040741
    ]
  },
  "objective_mode": "mae",
  "w_sigma": 0.5,
  "sigma_nmad_ref": 0.054855939000844955,
  "eta_outliers_ref": 1.0,
  "n_trials": 245,
  "n_trials_complete": 120,
  "n_trials_pruned": 109,
  "best_trial": 167,
  "best_score": 0.007974369451403618,
  "best_params": {
    "n_conv_blocks": 3,
    "n_dense_layers": 4,
    "n_units": 1024,
    "kernel_size": 25,
    "dropout_rate": 0.07474880416753435,
    "learning_rate": 0.0015317644371699321,
    "weight_decay": 0.0004782769024974778,
    "activation": "swish",
    "batch_size": 32,
    "use_batchnorm": true
  },
  "best_user_attrs": {
    "best_epoch": 35,
    "val_bias": -0.0002803381939884275,
    "val_eta_15": 0.011978199676588608,
    "val_mae": 0.007974369451403618,
    "val_sigma": 0.004196197725832462
  },
  "final_epochs_trained": 21,
  "test_metrics": {
    "mae": 0.018463434651494026,
    "bias": 0.003560095326974988,
    "sigma_nmad": 0.01018498931080103,
    "eta_outliers_0.05": 1.4814437713180268,
    "eta_outliers_0.15": 0.010181744132769944,
    "f_inliers_0.15": 99.98981825586723
  },
  "train_time_s": 682.7329518795013,
  "training_config": {
    "epochs": 40,
    "test_size": 0.15,
    "val_size": 0.15,
    "early_stop_patience": 20,
    "reduce_lr_factor": 0.5,
    "reduce_lr_patience": 5,
    "reduce_lr_min": 1e-07
  },
  "objective_config": {
    "mode": "mae",
    "w_sigma": 0.5
  },
  "hpo_config": {
    "target_trials": 120,
    "n_startup_trials": 10,
    "n_warmup_steps": 3,
    "interval_steps": 1,
    "pruner_percentile": 70
  },
  "hp_space": {
    "n_conv_blocks": {
      "low": 1,
      "high": 4
    },
    "n_dense_layers": {
      "low": 1,
      "high": 4
    },
    "n_units": {
      "low": 128,
      "high": 1024,
      "step": 64
    },
    "kernel_size": [
      11,
      15,
      21,
      25
    ],
    "use_batchnorm": [
      true,
      false
    ],
    "dropout_rate": {
      "low": 0.05,
      "high": 0.35
    },
    "learning_rate": {
      "low": 0.0001,
      "high": 0.003,
      "log": true
    },
    "weight_decay": {
      "low": 2e-06,
      "high": 0.005,
      "log": true
    },
    "activation": [
      "relu",
      "elu",
      "swish"
    ],
    "batch_size": [
      32,
      64,
      128,
      256
    ]
  },
  "scalars_config": {
    "features": [
      "log_max",
      "log_median",
      "log_sum",
      "log_p95"
    ],
    "use_log10": true,
    "mask_nonpositive": true
  },
  "weights_config": {
    "use_z_weights": false,
    "z_focus_low": 0.85,
    "z_focus_high": 1.0,
    "w_low": 1.0,
    "w_focus": 2.0,
    "w_high": 0.7,
    "w_max": 3.0
  },
  "env": {
    "python": "3.13.0",
    "tf": "2.21.0",
    "keras": "3.12.0",
    "numpy": "2.1.3",
    "sklearn": "1.8.0",
    "optuna": "4.4.0"
  }
}