model,object,n_test,train_time_s,epochs_run,heatmap_weight,sigma_bins,rmse,mae,r2,bias,nmad,outliers_pct,outliers_0.05_pct,outliers_0.15_pct
cnn_linedet,ELG,25021,3562.370389699936,27,0.2,2.0,0.05357896022418177,0.013799887150526047,0.7118364572525024,-2.393331305938773e-05,0.00028845792985521257,1.0511170616681986,4.492226529715039,1.0511170616681986
