{
  "created_utc": "2026-06-10T00:32:01.753136Z",
  "run_tag": "flex-LRG-t50_e40_s42-mae_nozw-fff2d5ba",
  "config_hash": "fff2d5ba",
  "study_name": "cnn_flex_LRG_mae_fff2d5ba",
  "seed": 42,
  "object_type": "LRG",
  "n_wave": 4674,
  "splits": {
    "test_size": 0.15,
    "val_size": 0.15,
    "n_train": 94612,
    "n_val": 16697,
    "n_test": 19643,
    "q_outer": 20,
    "q_inner": 20
  },
  "scalars": {
    "features": [
      "log_max",
      "log_median",
      "log_sum",
      "log_p95"
    ],
    "n_scalars": 4,
    "mean_s": [
      -15.788494110107422,
      -17.244205474853516,
      -13.518106460571289,
      -16.807842254638672
    ],
    "std_s": [
      0.25081613659858704,
      0.10036330670118332,
      0.08719897270202637,
      0.08524829894304276
    ]
  },
  "objective_mode": "mae",
  "w_sigma": 0.5,
  "sigma_nmad_ref": 0.054855939000844955,
  "eta_outliers_ref": 1.0,
  "n_trials": 77,
  "n_trials_complete": 50,
  "n_trials_pruned": 26,
  "best_trial": 23,
  "best_score": 0.01126182358711958,
  "best_params": {
    "n_conv_blocks": 3,
    "n_dense_layers": 3,
    "n_units": 192,
    "kernel_size": 25,
    "dropout_rate": 0.17328424482955163,
    "learning_rate": 0.0007549941228473467,
    "weight_decay": 2.051707524608852e-06,
    "activation": "swish",
    "batch_size": 32
  },
  "best_user_attrs": {
    "best_epoch": 23,
    "val_bias": 0.0008882796973921359,
    "val_eta_15": 0.005989099838294304,
    "val_mae": 0.01126182358711958,
    "val_sigma": 0.005617348477244377
  },
  "final_epochs_trained": 31,
  "test_metrics": {
    "mae": 0.012167643755674362,
    "bias": 0.0013771501835435629,
    "sigma_nmad": 0.006917279213666916,
    "eta_outliers_0.05": 0.6109046479661966,
    "eta_outliers_0.15": 0.020363488265539888,
    "f_inliers_0.15": 99.97963651173445
  },
  "train_time_s": 3988.2134437561035,
  "training_config": {
    "epochs": 40,
    "test_size": 0.15,
    "val_size": 0.15,
    "early_stop_patience": 8,
    "reduce_lr_factor": 0.5,
    "reduce_lr_patience": 5,
    "reduce_lr_min": 1e-07
  },
  "objective_config": {
    "mode": "mae",
    "w_sigma": 0.5
  },
  "hpo_config": {
    "target_trials": 50,
    "n_startup_trials": 10,
    "n_warmup_steps": 3,
    "interval_steps": 1,
    "pruner_percentile": 70
  },
  "hp_space": {
    "n_conv_blocks": {
      "low": 1,
      "high": 4
    },
    "n_dense_layers": {
      "low": 1,
      "high": 4
    },
    "n_units": {
      "low": 128,
      "high": 1024,
      "step": 64
    },
    "kernel_size": [
      11,
      15,
      21,
      25
    ],
    "dropout_rate": {
      "low": 0.05,
      "high": 0.35
    },
    "learning_rate": {
      "low": 0.0001,
      "high": 0.01,
      "log": true
    },
    "weight_decay": {
      "low": 2e-06,
      "high": 0.005,
      "log": true
    },
    "activation": [
      "relu",
      "elu",
      "swish"
    ],
    "batch_size": [
      32,
      64,
      128,
      256
    ]
  },
  "scalars_config": {
    "features": [
      "log_max",
      "log_median",
      "log_sum",
      "log_p95"
    ],
    "use_log10": true,
    "mask_nonpositive": true
  },
  "weights_config": {
    "use_z_weights": false,
    "z_focus_low": 0.85,
    "z_focus_high": 1.0,
    "w_low": 1.0,
    "w_focus": 2.0,
    "w_high": 0.7,
    "w_max": 3.0
  },
  "env": {
    "python": "3.13.0",
    "tf": "2.20.0",
    "keras": "3.12.0",
    "numpy": "2.1.3",
    "sklearn": "1.8.0",
    "optuna": "4.4.0"
  }
}