{
  "best_params": {
    "learning_rate": 0.0014537844320143757,
    "dropout_rate": 0.18443875200037496,
    "batch_size": 64,
    "kernel_size": 21
  },
  "best_val_mae": 0.04030502960085869,
  "n_trials": 51,
  "test_metrics": {
    "mae": 0.033126313239336014,
    "bias": 0.0006214062450453639,
    "sigma_nmad": 0.017712393775582314,
    "outliers_05": 6.450581511530315,
    "outliers_15": 0.09591942768074817
  }
}